Name,Age,Department,Salary,Start,Date
John,Doe,32,Engineering,75000,2023-01-15
Jane,Smith,28,Marketing,65000,2023-02-20
Mike,Johnson,35,Sales,70000,2022-11-10
Sarah,Wilson,29,Engineering,72000,2023-03-05
David,Brown,41,Management,95000,2021-08-12
Lisa,Davis,26,Marketing,60000,2023-04-18
Tom,Miller,33,Sales,68000,2022-12-03
Emily,White,31,Engineering,78000,2023-01-30
Robert,Taylor,38,Management,92000,2021-06-22
Amanda,Clark,27,Marketing,62000,2023-05-14
Lisa,Davis,h,h,h,h
,,,,,
,,,,,
,,,,,
,,,,,n
,,,,,
,,,,,
,,,,,n
